{
  "dependencies": [
    {
      "name": "@types/jest",
      "type": "build"
    },
    {
      "name": "@types/node",
      "version": "^16",
      "type": "build"
    },
    {
      "name": "@typescript-eslint/eslint-plugin",
      "version": "^5",
      "type": "build"
    },
    {
      "name": "@typescript-eslint/parser",
      "version": "^5",
      "type": "build"
    },
    {
      "name": "aws-cdk",
      "version": "^2.73.0",
      "type": "build"
    },
    {
      "name": "esbuild",
      "type": "build"
    },
    {
      "name": "eslint-import-resolver-node",
      "type": "build"
    },
    {
      "name": "eslint-import-resolver-typescript",
      "type": "build"
    },
    {
      "name": "eslint-plugin-import",
      "type": "build"
    },
    {
      "name": "eslint",
      "version": "^8",
      "type": "build"
    },
    {
      "name": "jest",
      "type": "build"
    },
    {
      "name": "jest-junit",
      "version": "^15",
      "type": "build"
    },
    {
      "name": "npm-check-updates",
      "version": "^16",
      "type": "build"
    },
    {
      "name": "projen",
      "type": "build"
    },
    {
      "name": "ts-jest",
      "type": "build"
    },
    {
      "name": "ts-node",
      "type": "build"
    },
    {
      "name": "typescript",
      "type": "build"
    },
    {
      "name": "@aws-cdk/aws-lambda-python-alpha",
      "type": "runtime"
    },
    {
      "name": "aws-cdk-lib",
      "version": "^2.73.0",
      "type": "runtime"
    },
    {
      "name": "cdk-bootstrapless-synthesizer",
      "type": "runtime"
    },
    {
      "name": "constructs",
      "version": "^10.0.5",
      "type": "runtime"
    }
  ],
  "//": "~~ Generated by projen. To modify, edit .projenrc.js and run \"npx projen\"."
}
