{
  "weight_decay": 0.01,
  "attention": "default",
  "cache_latents": true,
  "clip_skip": 1,
  "concepts_list": [
    {
      "class_data_dir": "",
      "class_guidance_scale": 7.5,
      "class_infer_steps": 40,
      "class_negative_prompt": "",
      "class_prompt": "",
      "class_token": "",
      "instance_data_dir": "",
      "instance_prompt": "",
      "instance_token": "",
      "is_valid": true,
      "n_save_sample": 1,
      "num_class_images_per": 5,
      "sample_seed": -1,
      "save_guidance_scale": 7.5,
      "save_infer_steps": 20,
      "save_sample_negative_prompt": "",
      "save_sample_prompt": "",
      "save_sample_template": ""
    }
  ],
  "concepts_path": "",
  "custom_model_name": "",
  "deterministic": false,
  "disable_class_matching": false,
  "disable_logging": false,
  "ema_predict": false,
  "epoch": 0,
  "epoch_pause_frequency": 0,
  "epoch_pause_time": 0,
  "freeze_clip_normalization": false,
  "gradient_accumulation_steps": 1,
  "gradient_checkpointing": true,
  "gradient_set_to_none": true,
  "graph_smoothing": 50,
  "half_model": false,
  "has_ema": false,
  "hflip": false,
  "infer_ema": false,
  "initial_revision": 0,
  "learning_rate": 2e-06,
  "learning_rate_min": 1e-06,
  "lifetime_revision": 0,
  "lora_learning_rate": 0.0001,
  "lora_model_name": "",
  "lora_txt_learning_rate": 5e-05,
  "lora_txt_rank": 4,
  "lora_txt_weight": 1,
  "lora_unet_rank": 4,
  "lora_weight": 1,
  "lora_use_buggy_requires_grad": false,
  "lr_cycles": 1,
  "lr_factor": 0.5,
  "lr_power": 1,
  "lr_scale_pos": 0.5,
  "lr_scheduler": "constant_with_warmup",
  "lr_warmup_steps": 0,
  "max_token_length": 75,
  "mixed_precision": "no",
  "model_dir": "",
  "model_name": "",
  "model_path": "",
  "noise_scheduler": "DDPM",
  "num_train_epochs": 150,
  "offset_noise": 0,
  "optimizer": "8bit AdamW",
  "pad_tokens": true,
  "pretrained_model_name_or_path": "",
  "pretrained_vae_name_or_path": "",
  "prior_loss_scale": false,
  "prior_loss_target": 100.0,
  "prior_loss_weight": 0.75,
  "prior_loss_weight_min": 0.1,
  "resolution": 512,
  "revision": 0,
  "sample_batch_size": 1,
  "sanity_prompt": "",
  "sanity_seed": 420420.0,
  "save_ckpt_after": true,
  "save_ckpt_cancel": false,
  "save_ckpt_during": false,
  "save_ema": true,
  "save_embedding_every": 25,
  "save_lora_after": true,
  "save_lora_cancel": false,
  "save_lora_during": false,
  "save_lora_for_extra_net": false,
  "save_preview_every": 5,
  "save_safetensors": true,
  "save_state_after": false,
  "save_state_cancel": false,
  "save_state_during": false,
  "scheduler": "DEISMultistep",
  "shared_diffusers_path": "",
  "shuffle_tags": true,
  "snapshot": "",
  "split_loss": true,
  "src": "",
  "stop_text_encoder": 0,
  "strict_tokens": false,
  "dynamic_img_norm": false,
  "tenc_weight_decay": 0.01,
  "tenc_grad_clip_norm": 0,
  "tomesd": 0,
  "train_batch_size": 1,
  "train_imagic": false,
  "train_unet": true,
  "train_unfrozen": false,
  "txt_learning_rate": 2e-06,
  "use_concepts": false,
  "use_ema": false,
  "use_lora": false,
  "use_lora_extended": false,
  "use_shared_src": false,
  "use_subdir": true,
  "v2": false
}
